{"_runtime":4237.515835724,"_timestamp":1.78177511722414e+09,"val/action_l1_loss":0.027522460930049418,"train/train_action_l1_loss":0.027773629873991013,"train/learning_rate":0.0001,"train/time_per_step":0.20512187597341835,"_wandb":{"runtime":4237},"_step":10000,"val/total_loss":0.028615023754537106,"train/total_loss":0.028751183301210403}