{"train/time_per_step":0.17214519600383937,"_runtime":4476.425999224,"train/total_loss":0.0440533384680748,"_step":10000,"val/action_l1_loss":0.04467576555907726,"train/train_action_l1_loss":0.043376997113227844,"_wandb":{"runtime":4476},"train/learning_rate":0.0001,"val/total_loss":0.04627972766757012,"_timestamp":1.7817804700411282e+09}